{"w_distance": 0.2998389725543701, "w_traffic": 0.5001121164820047, "w_quality_inv": 0.19316847974122087, "intercept": 0.06653049699757929}